Timestamp for sample frequency every 15 min min, Temperature_Celsius,Relative_Humidity
2025-06-05 09:00:00,25.9,48.2
2025-06-05 09:15:00,25.8,48.4
2025-06-05 09:30:00,25.9,49.6
2025-06-05 09:45:00,25.9,48.5
2025-06-05 10:00:00,26,49.1
2025-06-05 10:15:00,26,49
2025-06-05 10:30:00,25.9,48
2025-06-05 10:45:00,26,48.3
2025-06-05 11:00:00,26.2,48.1
2025-06-05 11:15:00,26.3,47.6
2025-06-05 11:30:00,26.5,47.1
2025-06-05 11:45:00,26.5,46.7
2025-06-05 12:00:00,26.5,45
2025-06-05 12:15:00,26.7,45.6
2025-06-05 12:30:00,26.9,44.7
2025-06-05 12:45:00,27.1,45.5
2025-06-05 13:00:00,27.3,45.4
2025-06-05 13:15:00,27.5,44.6
2025-06-05 13:30:00,27.7,44.7
2025-06-05 13:45:00,27.8,44.6
2025-06-05 14:00:00,28,44.9
2025-06-05 14:15:00,28.2,45.1
2025-06-05 14:30:00,28,44.9
2025-06-05 14:45:00,28.2,45.1
2025-06-05 15:00:00,28.3,45.1
2025-06-05 15:15:00,28.5,45.6
2025-06-05 15:30:00,28.6,46.3
2025-06-05 15:45:00,28.7,46.1
2025-06-05 16:00:00,28.6,46.4
2025-06-05 16:15:00,28.5,46.9
2025-06-05 16:30:00,28.4,47.4
2025-06-05 16:45:00,28.4,47.5
2025-06-05 17:00:00,28.4,47.3
2025-06-05 17:15:00,28.4,47.1
2025-06-05 17:30:00,28.4,47.1
2025-06-05 17:45:00,28.3,47.1
2025-06-05 18:00:00,28.3,47.2
2025-06-05 18:15:00,28.3,47.2
2025-06-05 18:30:00,28.3,47.2
2025-06-05 18:45:00,28.2,47.2
2025-06-05 19:00:00,28.2,47.3
2025-06-05 19:15:00,28.2,47.3
2025-06-05 19:30:00,28.2,47.3
2025-06-05 19:45:00,28.1,47.3
2025-06-05 20:00:00,28.1,47.3
2025-06-05 20:15:00,28.1,47.4
2025-06-05 20:30:00,28.1,47.4
2025-06-05 20:45:00,28,47.5
2025-06-05 21:00:00,28,47.5
2025-06-05 21:15:00,28,47.5
2025-06-05 21:30:00,28,47.5
2025-06-05 21:45:00,27.9,47.5
2025-06-05 22:00:00,27.9,47.6
2025-06-05 22:15:00,27.8,47.5
2025-06-05 22:30:00,27.8,47.5
2025-06-05 22:45:00,27.8,47.6
2025-06-05 23:00:00,27.7,47.6
2025-06-05 23:15:00,27.7,47.6
2025-06-05 23:30:00,27.6,47.6
2025-06-05 23:45:00,27.6,47.6
2025-06-06 00:00:00,27.6,47.6
2025-06-06 00:15:00,27.5,47.6
2025-06-06 00:30:00,27.5,47.6
2025-06-06 00:45:00,27.5,47.6
2025-06-06 01:00:00,27.5,47.6
2025-06-06 01:15:00,27.4,47.6
2025-06-06 01:30:00,27.4,47.6
2025-06-06 01:45:00,27.3,47.6
2025-06-06 02:00:00,27.3,47.6
2025-06-06 02:15:00,27.3,47.6
2025-06-06 02:30:00,27.3,47.6
2025-06-06 02:45:00,27.2,47.6
2025-06-06 03:00:00,27.2,47.6
2025-06-06 03:15:00,27.2,47.7
2025-06-06 03:30:00,27.1,47.6
2025-06-06 03:45:00,27.1,47.7
2025-06-06 04:00:00,27.1,47.6
2025-06-06 04:15:00,27.1,47.6
2025-06-06 04:30:00,27,47.6
2025-06-06 04:45:00,27,47.6
2025-06-06 05:00:00,27,47.5
2025-06-06 05:15:00,27,47.5
2025-06-06 05:30:00,27,47.5
2025-06-06 05:45:00,26.9,47.5
2025-06-06 06:00:00,26.9,47.5
2025-06-06 06:15:00,26.9,47.5
2025-06-06 06:30:00,26.9,47.5
2025-06-06 06:45:00,26.9,47.5
2025-06-06 07:00:00,26.9,47.6
2025-06-06 07:15:00,26.9,47.6
2025-06-06 07:30:00,26.9,47.7
2025-06-06 07:45:00,26.9,47.6
2025-06-06 08:00:00,26.8,47.6
2025-06-06 08:15:00,26.8,47.5
2025-06-06 08:30:00,26.5,50.2
2025-06-06 08:45:00,26.1,52.1
2025-06-06 09:00:00,25.5,52.7
2025-06-06 09:15:00,25.1,51.2
2025-06-06 09:30:00,25.3,50.7
2025-06-06 09:45:00,25.5,50.5
2025-06-06 10:00:00,25.8,48.9
2025-06-06 10:15:00,26,48.2
2025-06-06 10:30:00,26.1,48.6
2025-06-06 10:45:00,26.3,45.8
2025-06-06 11:00:00,26.3,45.8
2025-06-06 11:15:00,26.5,46.3
2025-06-06 11:30:00,26.7,46
2025-06-06 11:45:00,26.9,45.9
2025-06-06 12:00:00,27,45.5
2025-06-06 12:15:00,27.3,44.8
2025-06-06 12:30:00,27.5,43.6
2025-06-06 12:45:00,27.4,44.4
2025-06-06 13:00:00,27.6,42.9
2025-06-06 13:15:00,27.7,44.4
2025-06-06 13:30:00,27.9,43.6
2025-06-06 13:45:00,28.1,44.3
2025-06-06 14:00:00,28.3,42.9
2025-06-06 14:15:00,28.5,42.6
2025-06-06 14:30:00,25.7,49.5
2025-06-06 14:45:00,25.9,48.1
2025-06-06 15:00:00,26,48.5
2025-06-06 15:15:00,26.2,46.8
2025-06-06 15:30:00,26.3,45.9
2025-06-06 15:45:00,26.5,46.3
2025-06-06 16:00:00,26.6,45.9
2025-06-06 16:15:00,26.8,46.1
2025-06-06 16:30:00,27,45.5
2025-06-06 16:45:00,27.2,45.3
2025-06-06 17:00:00,27.4,43.3
2025-06-06 17:15:00,27.4,43.5
2025-06-06 17:30:00,27.6,44
2025-06-06 17:45:00,27.7,44
2025-06-06 18:00:00,27.8,44.8
2025-06-06 18:15:00,28,44
2025-06-06 18:30:00,28.2,43.1
2025-06-06 18:45:00,28.4,43.8
2025-06-06 19:00:00,28.5,42.5
2025-06-06 19:15:00,28.5,43.5
2025-06-06 19:30:00,28.4,43.2
2025-06-06 19:45:00,28.3,43.2
2025-06-06 20:00:00,28.2,43.4
2025-06-06 20:15:00,28.2,43.5
2025-06-06 20:30:00,28.2,43.8
2025-06-06 20:45:00,28.3,43.8
2025-06-06 21:00:00,28.3,44
2025-06-06 21:15:00,28.3,44
2025-06-06 21:30:00,28.3,44.1
2025-06-06 21:45:00,28.3,44.2
2025-06-06 22:00:00,28.4,44.7
2025-06-06 22:15:00,28.3,44.5
2025-06-06 22:30:00,28.3,44.6
2025-06-06 22:45:00,28.3,44.6
2025-06-06 23:00:00,28.3,44.7
2025-06-06 23:15:00,28.3,44.8
2025-06-06 23:30:00,28.2,44.8
2025-06-06 23:45:00,28.2,44.9
2025-06-07 00:00:00,28.2,44.9
2025-06-07 00:15:00,28.2,45
2025-06-07 00:30:00,28.1,45.1
2025-06-07 00:45:00,28.1,45.2
2025-06-07 01:00:00,28.1,45.2
2025-06-07 01:15:00,28.1,45.3
2025-06-07 01:30:00,28,45.3
2025-06-07 01:45:00,28,45.4
2025-06-07 02:00:00,28,45.5
2025-06-07 02:15:00,28,45.5
2025-06-07 02:30:00,28,45.6
2025-06-07 02:45:00,27.9,45.6
2025-06-07 03:00:00,27.9,45.6
2025-06-07 03:15:00,27.8,45.6
2025-06-07 03:30:00,27.8,45.7
2025-06-07 03:45:00,27.8,45.7
2025-06-07 04:00:00,27.8,45.8
2025-06-07 04:15:00,27.7,45.8
2025-06-07 04:30:00,27.7,45.8
2025-06-07 04:45:00,27.7,45.9
2025-06-07 05:00:00,27.6,45.9
2025-06-07 05:15:00,27.6,46
2025-06-07 05:30:00,27.6,46
2025-06-07 05:45:00,27.6,46
2025-06-07 06:00:00,27.5,46.1
2025-06-07 06:15:00,27.5,46.1
2025-06-07 06:30:00,27.5,46.1
2025-06-07 06:45:00,27.5,46.2
2025-06-07 07:00:00,27.5,46.1
2025-06-07 07:15:00,27.5,46.2
2025-06-07 07:30:00,27.4,46.1
2025-06-07 07:45:00,27.4,46
2025-06-07 08:00:00,27.4,46
2025-06-07 08:15:00,27.4,45.9
2025-06-07 08:30:00,27.3,45.9
2025-06-07 08:45:00,27.3,45.9
2025-06-07 09:00:00,27.3,45.9
2025-06-07 09:15:00,27.2,45.9
2025-06-07 09:30:00,27.2,45.9
2025-06-07 09:45:00,27.2,46
2025-06-07 10:00:00,27.2,46
2025-06-07 10:15:00,27.2,46
2025-06-07 10:30:00,27.2,46
2025-06-07 10:45:00,27.1,46
2025-06-07 11:00:00,27.1,46
2025-06-07 11:15:00,27.1,46
2025-06-07 11:30:00,27.1,46
2025-06-07 11:45:00,27.1,46
2025-06-07 12:00:00,27.1,46
2025-06-07 12:15:00,27.1,46
2025-06-07 12:30:00,27.1,46
2025-06-07 12:45:00,27.1,46
2025-06-07 13:00:00,27.1,46
2025-06-07 13:15:00,27.2,46.1
2025-06-07 13:30:00,27.2,46.1
2025-06-07 13:45:00,27.2,46.1
2025-06-07 14:00:00,27.2,46.1
2025-06-07 14:15:00,27.2,46
2025-06-07 14:30:00,27.3,46
2025-06-07 14:45:00,27.3,46.1
2025-06-07 15:00:00,27.3,46.1
2025-06-07 15:15:00,27.3,46.1
2025-06-07 15:30:00,27.4,46.1
2025-06-07 15:45:00,27.4,46.1
2025-06-07 16:00:00,27.5,46.2
2025-06-07 16:15:00,27.5,46.2
2025-06-07 16:30:00,27.5,46.1
2025-06-07 16:45:00,27.6,46.1
2025-06-07 17:00:00,27.6,46.1
2025-06-07 17:15:00,27.7,46.1
2025-06-07 17:30:00,27.7,46.2
2025-06-07 17:45:00,27.8,46.2
2025-06-07 18:00:00,27.9,46.2
2025-06-07 18:15:00,28,46.2
2025-06-07 18:30:00,28,46.1
2025-06-07 18:45:00,28,46.1
2025-06-07 19:00:00,28.1,46.1
2025-06-07 19:15:00,28.1,46.1
2025-06-07 19:30:00,28.2,46.1
2025-06-07 19:45:00,28.2,46.1
2025-06-07 20:00:00,28.2,46.1
2025-06-07 20:15:00,28.2,46.2
2025-06-07 20:30:00,28.1,46.4
2025-06-07 20:45:00,28.1,46.4
2025-06-07 21:00:00,28.1,46.4
2025-06-07 21:15:00,28.1,46.4
2025-06-07 21:30:00,28.1,46.5
2025-06-07 21:45:00,28,46.5
2025-06-07 22:00:00,28.1,46.6
2025-06-07 22:15:00,28,46.6
2025-06-07 22:30:00,28,46.7
2025-06-07 22:45:00,28,46.6
2025-06-07 23:00:00,28,46.4
2025-06-07 23:15:00,27.9,46.5
2025-06-07 23:30:00,27.9,46.6
2025-06-07 23:45:00,27.9,46.7
2025-06-08 00:00:00,27.8,46.7
2025-06-08 00:15:00,27.8,46.7
2025-06-08 00:30:00,27.8,46.7
2025-06-08 00:45:00,27.7,46.7
2025-06-08 01:00:00,27.7,46.7
2025-06-08 01:15:00,27.7,46.7
2025-06-08 01:30:00,27.6,46.7
2025-06-08 01:45:00,27.6,46.7
2025-06-08 02:00:00,27.6,46.7
2025-06-08 02:15:00,27.5,46.7
2025-06-08 02:30:00,27.5,46.7
2025-06-08 02:45:00,27.5,46.7
2025-06-08 03:00:00,27.5,46.7
2025-06-08 03:15:00,27.5,46.7
2025-06-08 03:30:00,27.5,46.7
2025-06-08 03:45:00,27.4,46.7
2025-06-08 04:00:00,27.4,46.7
2025-06-08 04:15:00,27.4,46.7
2025-06-08 04:30:00,27.3,46.7
2025-06-08 04:45:00,27.3,46.7
2025-06-08 05:00:00,27.3,46.7
2025-06-08 05:15:00,27.3,46.7
2025-06-08 05:30:00,27.3,46.7
2025-06-08 05:45:00,27.3,46.7
2025-06-08 06:00:00,27.2,46.7
2025-06-08 06:15:00,27.2,46.7
2025-06-08 06:30:00,27.2,46.7
2025-06-08 06:45:00,27.2,46.7
2025-06-08 07:00:00,27.1,46.6
2025-06-08 07:15:00,27.1,46.6
2025-06-08 07:30:00,27.1,46.6
2025-06-08 07:45:00,27.1,46.6
2025-06-08 08:00:00,27.1,46.5
2025-06-08 08:15:00,27.1,46.5
2025-06-08 08:30:00,27,46.5
2025-06-08 08:45:00,27,46.5
2025-06-08 09:00:00,27,46.5
2025-06-08 09:15:00,27,46.5
2025-06-08 09:30:00,27,46.5
2025-06-08 09:45:00,27,46.5
2025-06-08 10:00:00,27,46.5
2025-06-08 10:15:00,26.9,46.5
2025-06-08 10:30:00,26.9,46.4
2025-06-08 10:45:00,26.9,46.4
2025-06-08 11:00:00,26.9,46.5
2025-06-08 11:15:00,26.9,46.4
2025-06-08 11:30:00,26.9,46.5
2025-06-08 11:45:00,26.9,46.5
2025-06-08 12:00:00,26.8,46.5
2025-06-08 12:15:00,26.8,46.5
2025-06-08 12:30:00,26.8,46.5
2025-06-08 12:45:00,26.8,46.5
2025-06-08 13:00:00,26.8,46.5
2025-06-08 13:15:00,26.8,46.5
2025-06-08 13:30:00,26.8,46.5
2025-06-08 13:45:00,26.8,46.4
2025-06-08 14:00:00,26.8,46.4
2025-06-08 14:15:00,26.8,46.4
2025-06-08 14:30:00,26.8,46.4
2025-06-08 14:45:00,26.8,46.4
2025-06-08 15:00:00,26.7,46.3
2025-06-08 15:15:00,26.7,46.3
2025-06-08 15:30:00,26.7,46.3
2025-06-08 15:45:00,26.7,46.3
2025-06-08 16:00:00,26.7,46.3
2025-06-08 16:15:00,26.7,46.3
2025-06-08 16:30:00,26.7,46.3
2025-06-08 16:45:00,26.6,46.3
2025-06-08 17:00:00,26.6,46.3
2025-06-08 17:15:00,26.6,46.3
2025-06-08 17:30:00,26.6,46.3
2025-06-08 17:45:00,26.6,46.3
2025-06-08 18:00:00,26.6,46.3
2025-06-08 18:15:00,26.6,46.3
2025-06-08 18:30:00,26.6,46.3
2025-06-08 18:45:00,26.6,46.3
2025-06-08 19:00:00,26.6,46.3
2025-06-08 19:15:00,26.6,46.3
2025-06-08 19:30:00,26.5,46.3
2025-06-08 19:45:00,26.5,46.3
2025-06-08 20:00:00,26.5,46.4
2025-06-08 20:15:00,26.5,46.4
2025-06-08 20:30:00,26.5,46.3
2025-06-08 20:45:00,26.5,46.4
2025-06-08 21:00:00,26.5,46.4
2025-06-08 21:15:00,26.5,46.3
2025-06-08 21:30:00,26.5,46.3
2025-06-08 21:45:00,26.5,46.3
2025-06-08 22:00:00,26.5,46.3
2025-06-08 22:15:00,26.5,46.3
2025-06-08 22:30:00,26.5,46.3
2025-06-08 22:45:00,26.5,46.3
2025-06-08 23:00:00,26.5,46.3
2025-06-08 23:15:00,26.5,46.4
2025-06-08 23:30:00,26.5,46.4
2025-06-08 23:45:00,26.5,46.4
2025-06-09 00:00:00,26.5,46.5
2025-06-09 00:15:00,26.4,46.5
2025-06-09 00:30:00,26.4,46.5
2025-06-09 00:45:00,26.4,46.5
2025-06-09 01:00:00,26.4,46.5
2025-06-09 01:15:00,26.3,46.5
2025-06-09 01:30:00,26.3,46.5
2025-06-09 01:45:00,26.3,46.5
2025-06-09 02:00:00,26.3,46.5
2025-06-09 02:15:00,26.2,46.5
2025-06-09 02:30:00,26.2,46.4
2025-06-09 02:45:00,26.2,46.4
2025-06-09 03:00:00,26.2,46.3
2025-06-09 03:15:00,26.2,46.3
2025-06-09 03:30:00,26.1,46.2
2025-06-09 03:45:00,26.1,46.2
2025-06-09 04:00:00,26.1,46.1
2025-06-09 04:15:00,26.1,46
2025-06-09 04:30:00,26.1,46
2025-06-09 04:45:00,26,45.9
2025-06-09 05:00:00,26,45.9
2025-06-09 05:15:00,26,45.8
2025-06-09 05:30:00,26,45.8
2025-06-09 05:45:00,26,45.7
2025-06-09 06:00:00,26,45.6
2025-06-09 06:15:00,26,45.5
2025-06-09 06:30:00,25.9,45.5
2025-06-09 06:45:00,25.9,45.3
2025-06-09 07:00:00,25.9,45.2
2025-06-09 07:15:00,25.8,45.1
2025-06-09 07:30:00,25.8,45
2025-06-09 07:45:00,25.8,44.9
2025-06-09 08:00:00,25.8,44.9
2025-06-09 08:15:00,25.7,44.8
2025-06-09 08:30:00,25.7,44.7
2025-06-09 08:45:00,25.7,44.7
2025-06-09 09:00:00,25.7,44.7
2025-06-09 09:15:00,25.6,44.7
2025-06-09 09:30:00,25.6,44.6
2025-06-09 09:45:00,25.6,44.6
2025-06-09 10:00:00,25.6,44.6
2025-06-09 10:15:00,25.6,44.6
2025-06-09 10:30:00,25.6,44.5
2025-06-09 10:45:00,25.6,44.2
2025-06-09 11:00:00,25.5,44
2025-06-09 11:15:00,25.5,43.8
2025-06-09 11:30:00,25.5,43.5
2025-06-09 11:45:00,25.5,43.3
2025-06-09 12:00:00,25.5,43.3
2025-06-09 12:15:00,25.5,43.2
2025-06-09 12:30:00,25.5,43.1
2025-06-09 12:45:00,25.5,42.6
2025-06-09 13:00:00,25.5,42.4
2025-06-09 13:15:00,25.5,42
2025-06-09 13:30:00,25.5,42.2
2025-06-09 13:45:00,25.5,42.1
2025-06-09 14:00:00,25.5,42
2025-06-09 14:15:00,25.5,41.5
2025-06-09 14:30:00,25.5,41.2
2025-06-09 14:45:00,25.5,40.9
2025-06-09 15:00:00,25.5,40.8
2025-06-09 15:15:00,25.6,41
2025-06-09 15:30:00,25.6,40.9
2025-06-09 15:45:00,25.6,40.8
2025-06-09 16:00:00,25.7,40.8
2025-06-09 16:15:00,25.7,40.7
2025-06-09 16:30:00,25.8,40.8
2025-06-09 16:45:00,25.8,40.7
2025-06-09 17:00:00,25.9,40.5
2025-06-09 17:15:00,26,40.4
2025-06-09 17:30:00,26,40.3
2025-06-09 17:45:00,26.1,40.2
2025-06-09 18:00:00,26.2,40.2
2025-06-09 18:15:00,26.2,40.2
2025-06-09 18:30:00,26.3,40.3
2025-06-09 18:45:00,26.4,40.4
2025-06-09 19:00:00,26.4,40.4
2025-06-09 19:15:00,26.5,40.5
2025-06-09 19:30:00,26.5,40.5
2025-06-09 19:45:00,26.5,40.5
2025-06-09 20:00:00,26.6,40.6
2025-06-09 20:15:00,26.6,40.6
2025-06-09 20:30:00,26.6,40.6
2025-06-09 20:45:00,26.6,40.5
2025-06-09 21:00:00,26.6,40.5
2025-06-09 21:15:00,26.6,40.6
2025-06-09 21:30:00,26.6,40.6
2025-06-09 21:45:00,26.5,40.7
2025-06-09 22:00:00,26.5,40.7
2025-06-09 22:15:00,26.5,40.8
2025-06-09 22:30:00,26.5,40.9
2025-06-09 22:45:00,26.5,40.9
2025-06-09 23:00:00,26.5,40.9
2025-06-09 23:15:00,26.5,41
2025-06-09 23:30:00,26.4,41
2025-06-09 23:45:00,26.4,41.1
2025-06-10 00:00:00,26.3,41.2
2025-06-10 00:15:00,26.3,41.2
2025-06-10 00:30:00,26.3,41.3
2025-06-10 00:45:00,26.2,41.3
2025-06-10 01:00:00,26.2,41.4
2025-06-10 01:15:00,26.2,41.4
2025-06-10 01:30:00,26.1,41.4
2025-06-10 01:45:00,26.1,41.5
2025-06-10 02:00:00,26.1,41.5
2025-06-10 02:15:00,26,41.5
2025-06-10 02:30:00,26,41.5
2025-06-10 02:45:00,26,41.6
2025-06-10 03:00:00,26,41.6
2025-06-10 03:15:00,26,41.6
2025-06-10 03:30:00,25.9,41.6
2025-06-10 03:45:00,25.9,41.6
2025-06-10 04:00:00,25.9,41.6
2025-06-10 04:15:00,25.9,41.6
2025-06-10 04:30:00,25.8,41.6
2025-06-10 04:45:00,25.8,41.7
2025-06-10 05:00:00,25.8,41.7
2025-06-10 05:15:00,25.8,41.7
2025-06-10 05:30:00,25.7,41.7
2025-06-10 05:45:00,25.7,41.7
2025-06-10 06:00:00,25.7,41.7
2025-06-10 06:15:00,25.7,41.7
2025-06-10 06:30:00,25.6,41.7
2025-06-10 06:45:00,25.6,41.7
2025-06-10 07:00:00,25.6,41.7
2025-06-10 07:15:00,25.6,41.7
2025-06-10 07:30:00,25.5,41.7
2025-06-10 07:45:00,25.5,41.7
2025-06-10 08:00:00,25.5,41.7
2025-06-10 08:15:00,25.5,41.7
2025-06-10 08:30:00,25.5,41.7
2025-06-10 08:45:00,25.5,41.7
2025-06-10 09:00:00,25.5,41.7
2025-06-10 09:15:00,25.4,41.6
2025-06-10 09:30:00,25.4,41.6
2025-06-10 09:45:00,25.4,41.6
2025-06-10 10:00:00,25.4,41.5
2025-06-10 10:15:00,25.4,41.5
2025-06-10 10:30:00,25.4,41.5
2025-06-10 10:45:00,25.4,41.5
2025-06-10 11:00:00,25.4,41.5
2025-06-10 11:15:00,25.4,41.5
2025-06-10 11:30:00,25.4,41.5
2025-06-10 11:45:00,25.4,41.5
2025-06-10 12:00:00,25.4,41.5
2025-06-10 12:15:00,25.4,41.5
2025-06-10 12:30:00,25.4,41.5
2025-06-10 12:45:00,25.4,41.5
2025-06-10 13:00:00,25.5,41.5
2025-06-10 13:15:00,25.4,41.5
2025-06-10 13:30:00,25.5,41.4
2025-06-10 13:45:00,25.5,41.3
2025-06-10 14:00:00,25.5,41.3
2025-06-10 14:15:00,25.5,41.2
2025-06-10 14:30:00,25.5,41
2025-06-10 14:45:00,25.6,41.1
2025-06-10 15:00:00,25.6,41.1
2025-06-10 15:15:00,25.6,41.1
2025-06-10 15:30:00,25.7,41.1
2025-06-10 15:45:00,25.7,41.1
2025-06-10 16:00:00,25.8,40.9
2025-06-10 16:15:00,25.8,40.8
2025-06-10 16:30:00,25.9,40.7
2025-06-10 16:45:00,26,40.7
2025-06-10 17:00:00,26,40.5
2025-06-10 17:15:00,26.1,40.4
2025-06-10 17:30:00,26.1,40.3
2025-06-10 17:45:00,26.2,40.2
2025-06-10 18:00:00,26.3,40.2
2025-06-10 18:15:00,26.3,40.1
2025-06-10 18:30:00,26.4,40.1
2025-06-10 18:45:00,26.4,40.1
2025-06-10 19:00:00,26.4,40
2025-06-10 19:15:00,26.5,40
2025-06-10 19:30:00,26.5,39.8
2025-06-10 19:45:00,26.5,39.6
2025-06-10 20:00:00,26.5,39.6
2025-06-10 20:15:00,26.5,39.6
2025-06-10 20:30:00,26.5,39.6
2025-06-10 20:45:00,26.5,39.6
2025-06-10 21:00:00,26.4,39.7
2025-06-10 21:15:00,26.4,39.8
2025-06-10 21:30:00,26.4,39.9
2025-06-10 21:45:00,26.4,39.9
2025-06-10 22:00:00,26.4,40
2025-06-10 22:15:00,26.3,40
2025-06-10 22:30:00,26.3,40.1
2025-06-10 22:45:00,26.3,40.1
2025-06-10 23:00:00,26.3,40.1
2025-06-10 23:15:00,26.2,40.2
2025-06-10 23:30:00,26.2,40.2
2025-06-10 23:45:00,26.2,40.3
2025-06-11 00:00:00,26.2,40.3
2025-06-11 00:15:00,26.1,40.4
2025-06-11 00:30:00,26.1,40.4
2025-06-11 00:45:00,26.1,40.5
2025-06-11 01:00:00,26.1,40.5
2025-06-11 01:15:00,26.1,40.5
2025-06-11 01:30:00,26,40.6
2025-06-11 01:45:00,26,40.5
2025-06-11 02:00:00,26,40.6
2025-06-11 02:15:00,26,40.6
2025-06-11 02:30:00,26,40.6
2025-06-11 02:45:00,26,40.7
2025-06-11 03:00:00,26,40.7
2025-06-11 03:15:00,26,40.7
2025-06-11 03:30:00,25.9,40.8
2025-06-11 03:45:00,25.9,40.8
2025-06-11 04:00:00,25.9,40.8
2025-06-11 04:15:00,25.9,40.8
2025-06-11 04:30:00,25.9,40.8
2025-06-11 04:45:00,25.8,40.9
2025-06-11 05:00:00,25.8,40.9
2025-06-11 05:15:00,25.8,40.9
2025-06-11 05:30:00,25.8,40.9
2025-06-11 05:45:00,25.8,40.9
2025-06-11 06:00:00,25.8,41
2025-06-11 06:15:00,25.7,41
2025-06-11 06:30:00,25.7,41
2025-06-11 06:45:00,25.7,41
2025-06-11 07:00:00,25.7,41
2025-06-11 07:15:00,25.7,41.1
2025-06-11 07:30:00,25.6,41.1
2025-06-11 07:45:00,25.6,41.1
2025-06-11 08:00:00,25.6,41.2
2025-06-11 08:15:00,25.6,41.2
2025-06-11 08:30:00,25.6,41.2
2025-06-11 08:45:00,25.6,41.2
2025-06-11 09:00:00,25.6,41.2
2025-06-11 09:15:00,25.6,41.3
2025-06-11 09:30:00,25.6,41.3
2025-06-11 09:45:00,25.6,41.4
2025-06-11 10:00:00,25.6,41.4
2025-06-11 10:15:00,25.6,41.4
2025-06-11 10:30:00,25.6,41.3
2025-06-11 10:45:00,25.7,41.2
2025-06-11 11:00:00,25.6,41.2
2025-06-11 11:15:00,25.7,41.1
2025-06-11 11:30:00,25.7,41
2025-06-11 11:45:00,25.7,40.9
2025-06-11 12:00:00,25.7,40.8
2025-06-11 12:15:00,25.7,40.9
2025-06-11 12:30:00,25.8,40.9
2025-06-11 12:45:00,25.8,40.9
2025-06-11 13:00:00,25.8,41
2025-06-11 13:15:00,25.8,41
2025-06-11 13:30:00,25.8,41
2025-06-11 13:45:00,25.9,41
2025-06-11 14:00:00,25.9,41
2025-06-11 14:15:00,25.9,41
2025-06-11 14:30:00,26,41
2025-06-11 14:45:00,26,41
2025-06-11 15:00:00,26,41
2025-06-11 15:15:00,26.1,40.9
2025-06-11 15:30:00,26.1,40.9
2025-06-11 15:45:00,26.2,40.8
2025-06-11 16:00:00,26.3,40.7
2025-06-11 16:15:00,26.3,40.5
2025-06-11 16:30:00,26.4,40.4
2025-06-11 16:45:00,26.5,40.4
2025-06-11 17:00:00,26.5,40.2
2025-06-11 17:15:00,26.6,40.1
2025-06-11 17:30:00,26.6,40.1
2025-06-11 17:45:00,26.7,39.9
2025-06-11 18:00:00,26.8,39.7
2025-06-11 18:15:00,26.8,39.7
2025-06-11 18:30:00,26.8,39.5
2025-06-11 18:45:00,26.9,39.4
2025-06-11 19:00:00,26.9,39.3
2025-06-11 19:15:00,26.9,39.2
2025-06-11 19:30:00,26.9,39
2025-06-11 19:45:00,26.9,38.8
2025-06-11 20:00:00,26.9,38.7
2025-06-11 20:15:00,26.9,38.7
2025-06-11 20:30:00,26.9,38.7
2025-06-11 20:45:00,26.9,38.7
2025-06-11 21:00:00,26.9,38.7
2025-06-11 21:15:00,26.8,38.7
2025-06-11 21:30:00,26.8,38.7
2025-06-11 21:45:00,26.8,38.6
2025-06-11 22:00:00,26.8,38.7
2025-06-11 22:15:00,26.7,38.6
2025-06-11 22:30:00,26.7,38.6
2025-06-11 22:45:00,26.6,38.5
2025-06-11 23:00:00,26.6,38.5
2025-06-11 23:15:00,26.6,38.7
2025-06-11 23:30:00,26.5,38.8
2025-06-11 23:45:00,26.5,38.8
2025-06-12 00:00:00,26.5,38.9
2025-06-12 00:15:00,26.5,39
2025-06-12 00:30:00,26.4,39
2025-06-12 00:45:00,26.4,39.1
2025-06-12 01:00:00,26.4,39.2
2025-06-12 01:15:00,26.3,39.2
2025-06-12 01:30:00,26.3,39.3
2025-06-12 01:45:00,26.2,39.3
2025-06-12 02:00:00,26.2,39.4
2025-06-12 02:15:00,26.2,39.4
2025-06-12 02:30:00,26.1,39.4
2025-06-12 02:45:00,26.1,39.4
2025-06-12 03:00:00,26.1,39.4
2025-06-12 03:15:00,26.1,39.4
2025-06-12 03:30:00,26,39.4
2025-06-12 03:45:00,26,39.3
2025-06-12 04:00:00,26,39.4
2025-06-12 04:15:00,26,39.4
2025-06-12 04:30:00,25.9,39.4
2025-06-12 04:45:00,25.9,39.5
2025-06-12 05:00:00,25.9,39.5
2025-06-12 05:15:00,25.8,39.5
2025-06-12 05:30:00,25.8,39.5
2025-06-12 05:45:00,25.8,39.5
2025-06-12 06:00:00,25.8,39.6
2025-06-12 06:15:00,25.7,39.6
2025-06-12 06:30:00,25.7,39.6
2025-06-12 06:45:00,25.7,39.6
2025-06-12 07:00:00,25.6,39.7
2025-06-12 07:15:00,25.6,39.7
2025-06-12 07:30:00,25.6,39.7
2025-06-12 07:45:00,25.6,39.7
2025-06-12 08:00:00,25.5,39.7
2025-06-12 08:15:00,25.5,39.7
2025-06-12 08:30:00,25.5,39.7
2025-06-12 08:45:00,25.5,39.7
2025-06-12 09:00:00,25.5,39.7
2025-06-12 09:15:00,25.5,39.7
2025-06-12 09:30:00,25.5,39.7
2025-06-12 09:45:00,25.5,39.8
2025-06-12 10:00:00,25.5,39.8
2025-06-12 10:15:00,25.5,39.8
2025-06-12 10:30:00,25.5,39.8
2025-06-12 10:45:00,25.5,39.8
2025-06-12 11:00:00,25.5,39.8
2025-06-12 11:15:00,25.5,39.8
2025-06-12 11:30:00,25.5,39.8
2025-06-12 11:45:00,25.5,39.7
2025-06-12 12:00:00,25.5,39.7
2025-06-12 12:15:00,25.5,39.8
2025-06-12 12:30:00,25.5,39.7
2025-06-12 12:45:00,25.5,39.7
2025-06-12 13:00:00,25.5,39.7
2025-06-12 13:15:00,25.6,39.7
2025-06-12 13:30:00,25.6,39.7
2025-06-12 13:45:00,25.6,39.7
2025-06-12 14:00:00,25.6,39.6
2025-06-12 14:15:00,25.7,39.6
2025-06-12 14:30:00,25.7,39.6
2025-06-12 14:45:00,25.8,39.6
2025-06-12 15:00:00,25.8,39.6
2025-06-12 15:15:00,25.9,39.5
2025-06-12 15:30:00,26,39.5
2025-06-12 15:45:00,26,39.4
2025-06-12 16:00:00,26.1,39.4
2025-06-12 16:15:00,26.2,39.4
2025-06-12 16:30:00,26.3,39.3
2025-06-12 16:45:00,26.4,39.3
2025-06-12 17:00:00,26.4,39.3
2025-06-12 17:15:00,26.5,39.2
2025-06-12 17:30:00,26.5,39.2
2025-06-12 17:45:00,26.6,39.2
2025-06-12 18:00:00,26.6,39.2
2025-06-12 18:15:00,26.6,39.2
2025-06-12 18:30:00,26.7,39.3
2025-06-12 18:45:00,26.8,39.3
2025-06-12 19:00:00,26.8,39.3
2025-06-12 19:15:00,26.8,39.2
2025-06-12 19:30:00,26.8,39
2025-06-12 19:45:00,26.8,39
2025-06-12 20:00:00,26.8,39
2025-06-12 20:15:00,26.8,38.9
2025-06-12 20:30:00,26.8,38.9
2025-06-12 20:45:00,26.8,38.9
2025-06-12 21:00:00,26.7,38.9
2025-06-12 21:15:00,26.7,38.9
2025-06-12 21:30:00,26.7,38.9
2025-06-12 21:45:00,26.6,38.9
2025-06-12 22:00:00,26.6,38.9
2025-06-12 22:15:00,26.6,38.8
2025-06-12 22:30:00,26.5,38.8
2025-06-12 22:45:00,26.5,38.9
2025-06-12 23:00:00,26.5,39
2025-06-12 23:15:00,26.5,39
2025-06-12 23:30:00,26.5,39
2025-06-12 23:45:00,26.4,39.1
2025-06-13 00:00:00,26.4,39.1
2025-06-13 00:15:00,26.3,39.1
2025-06-13 00:30:00,26.3,39.1
2025-06-13 00:45:00,26.3,39.1
2025-06-13 01:00:00,26.2,39.1
2025-06-13 01:15:00,26.2,39.2
2025-06-13 01:30:00,26.2,39.2
2025-06-13 01:45:00,26.1,39.2
2025-06-13 02:00:00,26.1,39.2
2025-06-13 02:15:00,26.1,39.2
2025-06-13 02:30:00,26,39.3
2025-06-13 02:45:00,26,39.3
2025-06-13 03:00:00,26,39.3
2025-06-13 03:15:00,26,39.3
2025-06-13 03:30:00,26,39.3
2025-06-13 03:45:00,25.9,39.3
2025-06-13 04:00:00,25.9,39.3
2025-06-13 04:15:00,25.9,39.3
2025-06-13 04:30:00,25.9,39.4
2025-06-13 04:45:00,25.8,39.3
2025-06-13 05:00:00,25.8,39.3
2025-06-13 05:15:00,25.8,39.3
2025-06-13 05:30:00,25.7,39.3
2025-06-13 05:45:00,25.7,39.3
2025-06-13 06:00:00,25.7,39.3
2025-06-13 06:15:00,25.7,39.3
2025-06-13 06:30:00,25.6,39.3
2025-06-13 06:45:00,25.6,39.3
2025-06-13 07:00:00,25.6,39.3
2025-06-13 07:15:00,25.5,39.3
2025-06-13 07:30:00,25.5,39.3
2025-06-13 07:45:00,25.5,39.3
2025-06-13 08:00:00,25.5,39.3
2025-06-13 08:15:00,25.5,39.3
2025-06-13 08:30:00,25.5,39.3
2025-06-13 08:45:00,25.5,39.3
2025-06-13 09:00:00,25.5,39.3
2025-06-13 09:15:00,25.5,39.3
2025-06-13 09:30:00,25.5,39.3
2025-06-13 09:45:00,25.5,39.3
2025-06-13 10:00:00,25.5,39.2
2025-06-13 10:15:00,25.5,39.2
2025-06-13 10:30:00,25.5,39.2
2025-06-13 10:45:00,25.5,39.2
2025-06-13 11:00:00,25.5,39.2
2025-06-13 11:15:00,25.5,39.1
2025-06-13 11:30:00,25.5,39.1
2025-06-13 11:45:00,25.5,39
2025-06-13 12:00:00,25.5,38.9
2025-06-13 12:15:00,25.6,38.9
2025-06-13 12:30:00,25.6,38.8
2025-06-13 12:45:00,25.6,38.7
2025-06-13 13:00:00,25.7,38.7
2025-06-13 13:15:00,25.7,38.6
2025-06-13 13:30:00,25.7,38.6
2025-06-13 13:45:00,25.8,38.4
2025-06-13 14:00:00,25.8,38.4
2025-06-13 14:15:00,25.8,38.4
2025-06-13 14:30:00,25.9,38.4
2025-06-13 14:45:00,25.9,38.3
2025-06-13 15:00:00,26,38.2
2025-06-13 15:15:00,26,38.1
2025-06-13 15:30:00,26.1,38.1
2025-06-13 15:45:00,26.2,38
2025-06-13 16:00:00,26.3,37.9
2025-06-13 16:15:00,26.4,37.8
2025-06-13 16:30:00,26.4,37.8
2025-06-13 16:45:00,26.5,37.7
2025-06-13 17:00:00,26.5,37.7
2025-06-13 17:15:00,26.6,37.7
2025-06-13 17:30:00,26.6,37.7
2025-06-13 17:45:00,26.7,37.7
2025-06-13 18:00:00,26.7,37.7
2025-06-13 18:15:00,26.7,37.7
2025-06-13 18:30:00,26.8,37.6
2025-06-13 18:45:00,26.8,37.6
2025-06-13 19:00:00,26.8,37.4
2025-06-13 19:15:00,26.8,37.3
2025-06-13 19:30:00,26.8,37.3
2025-06-13 19:45:00,26.8,37.3
2025-06-13 20:00:00,26.8,37.3
2025-06-13 20:15:00,26.7,37.3
2025-06-13 20:30:00,26.7,37.3
2025-06-13 20:45:00,26.7,37.3
2025-06-13 21:00:00,26.7,37.3
2025-06-13 21:15:00,26.7,37.4
2025-06-13 21:30:00,26.6,37.4
2025-06-13 21:45:00,26.6,37.4
2025-06-13 22:00:00,26.6,37.4
2025-06-13 22:15:00,26.5,37.4
2025-06-13 22:30:00,26.5,37.4
2025-06-13 22:45:00,26.5,37.5
2025-06-13 23:00:00,26.5,37.6
2025-06-13 23:15:00,26.4,37.6
2025-06-13 23:30:00,26.4,37.6
2025-06-13 23:45:00,26.4,37.7
2025-06-14 00:00:00,26.3,37.7
2025-06-14 00:15:00,26.3,37.7
2025-06-14 00:30:00,26.3,37.7
2025-06-14 00:45:00,26.2,37.8
2025-06-14 01:00:00,26.2,37.8
2025-06-14 01:15:00,26.2,37.8
2025-06-14 01:30:00,26.1,37.9
2025-06-14 01:45:00,26.1,38
2025-06-14 02:00:00,26.1,38
2025-06-14 02:15:00,26,38
2025-06-14 02:30:00,26,38.1
2025-06-14 02:45:00,26,38.1
2025-06-14 03:00:00,26,38.2
2025-06-14 03:15:00,26,38.2
2025-06-14 03:30:00,25.9,38.2
2025-06-14 03:45:00,25.9,38.3
2025-06-14 04:00:00,25.9,38.3
2025-06-14 04:15:00,25.8,38.3
2025-06-14 04:30:00,25.8,38.3
2025-06-14 04:45:00,25.8,38.3
2025-06-14 05:00:00,25.8,38.3
2025-06-14 05:15:00,25.7,38.4
2025-06-14 05:30:00,25.7,38.4
2025-06-14 05:45:00,25.7,38.4
2025-06-14 06:00:00,25.6,38.4
2025-06-14 06:15:00,25.6,38.4
2025-06-14 06:30:00,25.6,38.4
2025-06-14 06:45:00,25.6,38.5
2025-06-14 07:00:00,25.6,38.4
2025-06-14 07:15:00,25.5,38.4
2025-06-14 07:30:00,25.5,38.4
2025-06-14 07:45:00,25.5,38.4
2025-06-14 08:00:00,25.5,38.4
2025-06-14 08:15:00,25.5,38.4
2025-06-14 08:30:00,25.5,38.4
2025-06-14 08:45:00,25.5,38.4
2025-06-14 09:00:00,25.5,38.4
2025-06-14 09:15:00,25.5,38.4
2025-06-14 09:30:00,25.5,38.4
2025-06-14 09:45:00,25.5,38.4
2025-06-14 10:00:00,25.5,38.4
2025-06-14 10:15:00,25.5,38.4
2025-06-14 10:30:00,25.5,38.5
2025-06-14 10:45:00,25.5,38.4
2025-06-14 11:00:00,25.6,38.5
2025-06-14 11:15:00,25.6,38.5
2025-06-14 11:30:00,25.6,38.5
2025-06-14 11:45:00,25.6,38.5
2025-06-14 12:00:00,25.6,38.5
2025-06-14 12:15:00,25.7,38.5
2025-06-14 12:30:00,25.7,38.4
2025-06-14 12:45:00,25.7,38.4
2025-06-14 13:00:00,25.8,38.4
2025-06-14 13:15:00,25.8,38.4
2025-06-14 13:30:00,25.8,38.4
2025-06-14 13:45:00,25.9,38.4
2025-06-14 14:00:00,25.9,38.3
2025-06-14 14:15:00,26,38.3
2025-06-14 14:30:00,26,38.3
2025-06-14 14:45:00,26.1,38.3
2025-06-14 15:00:00,26.2,38.2
2025-06-14 15:15:00,26.3,38.2
2025-06-14 15:30:00,26.4,38.2
2025-06-14 15:45:00,26.4,38.2
2025-06-14 16:00:00,26.5,38.1
2025-06-14 16:15:00,26.6,38.1
2025-06-14 16:30:00,26.6,38.1
2025-06-14 16:45:00,26.7,38.1
2025-06-14 17:00:00,26.8,38.1
2025-06-14 17:15:00,26.8,38.1
2025-06-14 17:30:00,26.8,38.1
2025-06-14 17:45:00,26.9,38.1
2025-06-14 18:00:00,26.9,38.2
2025-06-14 18:15:00,26.9,38.2
2025-06-14 18:30:00,26.9,38.2
2025-06-14 18:45:00,26.9,38.2
2025-06-14 19:00:00,26.9,38.2
2025-06-14 19:15:00,26.9,38.2
2025-06-14 19:30:00,26.9,38.2
2025-06-14 19:45:00,26.9,38.2
2025-06-14 20:00:00,26.9,38.2
2025-06-14 20:15:00,26.9,38.3
2025-06-14 20:30:00,26.9,38.3
2025-06-14 20:45:00,26.9,38.3
2025-06-14 21:00:00,26.8,38.4
2025-06-14 21:15:00,26.8,38.4
2025-06-14 21:30:00,26.8,38.5
2025-06-14 21:45:00,26.8,38.5
2025-06-14 22:00:00,26.8,38.6
2025-06-14 22:15:00,26.7,38.6
2025-06-14 22:30:00,26.7,38.7
2025-06-14 22:45:00,26.7,38.7
2025-06-14 23:00:00,26.6,38.8
2025-06-14 23:15:00,26.6,38.8
2025-06-14 23:30:00,26.6,38.8
2025-06-14 23:45:00,26.6,38.8
2025-06-15 00:00:00,26.5,38.8
2025-06-15 00:15:00,26.5,38.9
2025-06-15 00:30:00,26.5,38.9
2025-06-15 00:45:00,26.5,38.9
2025-06-15 01:00:00,26.5,38.9
2025-06-15 01:15:00,26.4,38.9
2025-06-15 01:30:00,26.4,38.9
2025-06-15 01:45:00,26.4,38.9
2025-06-15 02:00:00,26.4,38.9
2025-06-15 02:15:00,26.4,38.9
2025-06-15 02:30:00,26.3,38.9
2025-06-15 02:45:00,26.3,38.9
2025-06-15 03:00:00,26.3,38.9
2025-06-15 03:15:00,26.2,38.9
2025-06-15 03:30:00,26.2,38.9
2025-06-15 03:45:00,26.2,39
2025-06-15 04:00:00,26.2,39
2025-06-15 04:15:00,26.1,39
2025-06-15 04:30:00,26.1,39
2025-06-15 04:45:00,26.1,39
2025-06-15 05:00:00,26.1,39
2025-06-15 05:15:00,26.1,39
2025-06-15 05:30:00,26,39
2025-06-15 05:45:00,26,39
2025-06-15 06:00:00,26,39
2025-06-15 06:15:00,26,39
2025-06-15 06:30:00,26,39
2025-06-15 06:45:00,26,39
2025-06-15 07:00:00,26,39
2025-06-15 07:15:00,25.9,39.1
2025-06-15 07:30:00,26,39
2025-06-15 07:45:00,25.9,39
2025-06-15 08:00:00,26,39
2025-06-15 08:15:00,26,39
2025-06-15 08:30:00,26,39
2025-06-15 08:45:00,26,39
2025-06-15 09:00:00,26,39
2025-06-15 09:15:00,26,39
2025-06-15 09:30:00,26,39.1
2025-06-15 09:45:00,26,39
2025-06-15 10:00:00,26,39
2025-06-15 10:15:00,26,39
2025-06-15 10:30:00,26,39
2025-06-15 10:45:00,26,39
2025-06-15 11:00:00,26.1,39
2025-06-15 11:15:00,26.1,38.9
2025-06-15 11:30:00,26.1,38.9
2025-06-15 11:45:00,26.1,38.9
2025-06-15 12:00:00,26.2,38.9
2025-06-15 12:15:00,26.2,38.9
2025-06-15 12:30:00,26.2,38.8
2025-06-15 12:45:00,26.3,38.8
2025-06-15 13:00:00,26.3,38.8
2025-06-15 13:15:00,26.4,38.8
2025-06-15 13:30:00,26.5,38.8
2025-06-15 13:45:00,26.5,38.7
2025-06-15 14:00:00,26.6,38.7
2025-06-15 14:15:00,26.6,38.7
2025-06-15 14:30:00,26.7,38.7
2025-06-15 14:45:00,26.8,38.7
2025-06-15 15:00:00,26.9,38.6
2025-06-15 15:15:00,27,38.6
2025-06-15 15:30:00,27.1,38.6
2025-06-15 15:45:00,27.1,38.6
2025-06-15 16:00:00,27.2,38.6
2025-06-15 16:15:00,27.3,38.6
2025-06-15 16:30:00,27.3,38.5
2025-06-15 16:45:00,27.4,38.5
2025-06-15 17:00:00,27.5,38.6
2025-06-15 17:15:00,27.5,38.5
2025-06-15 17:30:00,27.5,38.5
2025-06-15 17:45:00,27.5,38.5
2025-06-15 18:00:00,27.5,38.5
2025-06-15 18:15:00,27.5,38.5
2025-06-15 18:30:00,27.5,38.6
2025-06-15 18:45:00,27.6,38.5
2025-06-15 19:00:00,27.5,38.5
2025-06-15 19:15:00,27.5,38.5
2025-06-15 19:30:00,27.5,38.5
2025-06-15 19:45:00,27.5,38.6
2025-06-15 20:00:00,27.5,38.6
2025-06-15 20:15:00,27.5,38.6
2025-06-15 20:30:00,27.5,38.6
2025-06-15 20:45:00,27.5,38.7
2025-06-15 21:00:00,27.5,38.7
2025-06-15 21:15:00,27.5,38.7
2025-06-15 21:30:00,27.5,38.7
2025-06-15 21:45:00,27.5,38.8
2025-06-15 22:00:00,27.4,38.8
2025-06-15 22:15:00,27.4,38.8
2025-06-15 22:30:00,27.4,38.9
2025-06-15 22:45:00,27.4,38.9
2025-06-15 23:00:00,27.3,38.9
2025-06-15 23:15:00,27.3,39
2025-06-15 23:30:00,27.3,39
2025-06-15 23:45:00,27.3,39
2025-06-16 00:00:00,27.3,39
2025-06-16 00:15:00,27.3,39.1
2025-06-16 00:30:00,27.2,39.1
2025-06-16 00:45:00,27.2,39.1
2025-06-16 01:00:00,27.2,39.1
2025-06-16 01:15:00,27.2,39.1
2025-06-16 01:30:00,27.1,39.1
2025-06-16 01:45:00,27.1,39.1
2025-06-16 02:00:00,27.1,39.1
2025-06-16 02:15:00,27.1,39.1
2025-06-16 02:30:00,27.1,39.1
2025-06-16 02:45:00,27.1,39
2025-06-16 03:00:00,27,39
2025-06-16 03:15:00,27,39
2025-06-16 03:30:00,27,39
2025-06-16 03:45:00,27,39.1
2025-06-16 04:00:00,27,39.1
2025-06-16 04:15:00,27,39.2
2025-06-16 04:30:00,27,39.3
2025-06-16 04:45:00,27,39.3
2025-06-16 05:00:00,27,39.4
2025-06-16 05:15:00,26.9,39.5
2025-06-16 05:30:00,27,39.5
2025-06-16 05:45:00,26.9,39.6
2025-06-16 06:00:00,26.9,39.7
2025-06-16 06:15:00,26.9,39.7
2025-06-16 06:30:00,26.9,39.8
2025-06-16 06:45:00,26.9,40
2025-06-16 07:00:00,26.9,40.2
2025-06-16 07:15:00,26.9,40.4
2025-06-16 07:30:00,26.9,40.6
2025-06-16 07:45:00,26.9,40.9
2025-06-16 08:00:00,26.9,41
2025-06-16 08:15:00,26.9,41.3
2025-06-16 08:30:00,26.5,50.4
2025-06-16 08:45:00,26.2,51.6
2025-06-16 09:00:00,26,52.9
2025-06-16 09:15:00,26,53.5
2025-06-16 09:30:00,25.8,54.4
2025-06-16 09:45:00,25.9,54.4
2025-06-16 10:00:00,25.9,54.9
2025-06-16 10:15:00,25.8,55.2
2025-06-16 10:30:00,25.9,55
2025-06-16 10:45:00,25.8,54.9
2025-06-16 11:00:00,25.6,55.4
2025-06-16 11:15:00,25.7,54.9
2025-06-16 11:30:00,25.8,54.6
2025-06-16 11:45:00,25.8,54.1
2025-06-16 12:00:00,25.7,54.4
2025-06-16 12:15:00,25.7,53.7
2025-06-16 12:30:00,25.6,52.4
2025-06-16 12:45:00,25.4,51
2025-06-16 13:00:00,25.1,49.8
2025-06-16 13:15:00,25,49.1
2025-06-16 13:30:00,25.1,48.4
2025-06-16 13:45:00,25,47.9
2025-06-16 14:00:00,24.9,48.2
2025-06-16 14:15:00,24.8,48.2
2025-06-16 14:30:00,24.6,48.7
2025-06-16 14:45:00,24.4,50.1
2025-06-16 15:00:00,24.2,51.1
2025-06-16 15:15:00,24.2,51.7
2025-06-16 15:30:00,24.3,51.7
2025-06-16 15:45:00,24.3,51.1
2025-06-16 16:00:00,24.2,50.8
2025-06-16 16:15:00,24.2,51.6
2025-06-16 16:30:00,24.2,51.2
2025-06-16 16:45:00,24.2,51
2025-06-16 17:00:00,24.2,50.4
2025-06-16 17:15:00,24.4,49.6
2025-06-16 17:30:00,24.5,48.6
2025-06-16 17:45:00,24.6,48.3
2025-06-16 18:00:00,24.7,47.8
2025-06-16 18:15:00,24.7,47.5
2025-06-16 18:30:00,24.7,47.3
2025-06-16 18:45:00,24.7,47.1
2025-06-16 19:00:00,24.7,46.7
2025-06-16 19:15:00,24.8,46.2
2025-06-16 19:30:00,24.8,45.9
2025-06-16 19:45:00,24.8,45.7
2025-06-16 20:00:00,24.9,45.5
2025-06-16 20:15:00,24.9,45.4
2025-06-16 20:30:00,24.9,45.3
2025-06-16 20:45:00,24.9,45.4
2025-06-16 21:00:00,24.9,45.3
2025-06-16 21:15:00,24.9,45.4
2025-06-16 21:30:00,24.9,45.5
2025-06-16 21:45:00,24.9,45.5
2025-06-16 22:00:00,24.8,45.6
2025-06-16 22:15:00,24.8,45.7
2025-06-16 22:30:00,24.7,46
2025-06-16 22:45:00,24.7,46
2025-06-16 23:00:00,24.7,45.8
2025-06-16 23:15:00,24.7,45.7
2025-06-16 23:30:00,24.7,45.6
2025-06-16 23:45:00,24.7,45.4
2025-06-17 00:00:00,24.7,45.3
2025-06-17 00:15:00,24.7,45.5
2025-06-17 00:30:00,24.7,45.6
2025-06-17 00:45:00,24.6,45.8
2025-06-17 01:00:00,24.6,45.8
2025-06-17 01:15:00,24.6,46.2
2025-06-17 01:30:00,24.6,46.1
2025-06-17 01:45:00,24.6,45.9
2025-06-17 02:00:00,24.6,46.2
2025-06-17 02:15:00,24.6,46.2
2025-06-17 02:30:00,24.5,46.6
2025-06-17 02:45:00,24.5,46.3
2025-06-17 03:00:00,24.5,46.1
2025-06-17 03:15:00,24.5,46
2025-06-17 03:30:00,24.5,45.9
2025-06-17 03:45:00,24.5,45.8
2025-06-17 04:00:00,24.5,45.6
2025-06-17 04:15:00,24.5,45.5
2025-06-17 04:30:00,24.5,45.4
2025-06-17 04:45:00,24.5,45.3
2025-06-17 05:00:00,24.5,45.4
2025-06-17 05:15:00,24.5,45.6
2025-06-17 05:30:00,24.5,45.6
2025-06-17 05:45:00,24.5,45.7
2025-06-17 06:00:00,24.5,45.7
2025-06-17 06:15:00,24.4,45.7
2025-06-17 06:30:00,24.4,45.6
2025-06-17 06:45:00,24.4,45.7
2025-06-17 07:00:00,24.4,45.8
2025-06-17 07:15:00,24.4,45.6
2025-06-17 07:30:00,24.4,45.6
2025-06-17 07:45:00,24.4,45.6
2025-06-17 08:00:00,24.3,45.6
2025-06-17 08:15:00,24.4,45.7
2025-06-17 08:30:00,24.4,45.8
2025-06-17 08:45:00,24.4,45.9
2025-06-17 09:00:00,24.3,47.9
2025-06-17 09:15:00,24.2,48.9
2025-06-17 09:30:00,24.3,48.4
2025-06-17 09:45:00,24.2,49
2025-06-17 10:00:00,24.3,47.9
2025-06-17 10:15:00,24.2,46.6
2025-06-17 10:30:00,24.3,46.5
2025-06-17 10:45:00,24.4,46.4
2025-06-17 11:00:00,24.4,46.1
2025-06-17 11:15:00,24.4,46.3
2025-06-17 11:30:00,24.5,45.6
2025-06-17 11:45:00,24.5,45.4
2025-06-17 12:00:00,24.5,44.3
2025-06-17 12:15:00,24.5,44
2025-06-17 12:30:00,24.5,43.9
2025-06-17 12:45:00,24.5,43.1
2025-06-17 13:00:00,24.5,42.1
2025-06-17 13:15:00,24.5,41.8
2025-06-17 13:30:00,24.7,42.2
2025-06-17 13:45:00,25,41.7
2025-06-17 14:00:00,25.1,42
2025-06-17 14:15:00,25.2,41
2025-06-17 14:30:00,25.4,41.2
2025-06-17 14:45:00,25.5,40.7
2025-06-17 15:00:00,25.5,40.3
2025-06-17 15:15:00,25.5,40.2
2025-06-17 15:30:00,25.6,40.7
2025-06-17 15:45:00,25.6,40.3
2025-06-17 16:00:00,25.7,39.7
2025-06-17 16:15:00,25.9,40.5
2025-06-17 16:30:00,26,40.7
2025-06-17 16:45:00,26,40.8
2025-06-17 17:00:00,26.1,40.8
2025-06-17 17:15:00,26.1,40.8
2025-06-17 17:30:00,26.2,40.8
2025-06-17 17:45:00,26.2,40.7
2025-06-17 18:00:00,26.2,40.6
2025-06-17 18:15:00,26.2,40.6
2025-06-17 18:30:00,26.2,40.6
2025-06-17 18:45:00,26.3,40.4
2025-06-17 19:00:00,26.3,40.4
2025-06-17 19:15:00,26.3,40.3
2025-06-17 19:30:00,26.3,40.3
2025-06-17 19:45:00,26.3,40.2
2025-06-17 20:00:00,26.3,40
2025-06-17 20:15:00,26.2,40
2025-06-17 20:30:00,26.2,39.9
2025-06-17 20:45:00,26.2,39.9
2025-06-17 21:00:00,26.1,40
2025-06-17 21:15:00,26.1,40.2
2025-06-17 21:30:00,26,40.3
2025-06-17 21:45:00,26,40.4
2025-06-17 22:00:00,26,40.9
2025-06-17 22:15:00,25.9,41.3
2025-06-17 22:30:00,25.8,41.3
2025-06-17 22:45:00,25.8,41.4
2025-06-17 23:00:00,25.7,41.7
2025-06-17 23:15:00,25.6,41.9
2025-06-17 23:30:00,25.6,42
2025-06-17 23:45:00,25.5,42
2025-06-18 00:00:00,25.5,42.2
2025-06-18 00:15:00,25.4,42.1
2025-06-18 00:30:00,25.3,42.2
2025-06-18 00:45:00,25.3,42.2
2025-06-18 01:00:00,25.2,42.2
2025-06-18 01:15:00,25.2,42
2025-06-18 01:30:00,25.1,42.5
2025-06-18 01:45:00,25.1,42.4
2025-06-18 02:00:00,25.1,42.3
2025-06-18 02:15:00,25,43.1
2025-06-18 02:30:00,24.9,43.2
2025-06-18 02:45:00,24.9,43.2
2025-06-18 03:00:00,24.8,43.3
2025-06-18 03:15:00,24.7,43.6
2025-06-18 03:30:00,24.7,43.9
2025-06-18 03:45:00,24.6,44.1
2025-06-18 04:00:00,24.5,44.5
2025-06-18 04:15:00,24.5,44.8
2025-06-18 04:30:00,24.5,45
2025-06-18 04:45:00,24.4,45.5
2025-06-18 05:00:00,24.3,45.6
2025-06-18 05:15:00,24.3,45.6
2025-06-18 05:30:00,24.2,45.6
2025-06-18 05:45:00,24.2,45.8
2025-06-18 06:00:00,24.2,45.9
2025-06-18 06:15:00,24.1,46.1
2025-06-18 06:30:00,24.1,46.3
2025-06-18 06:45:00,24.1,46.6
2025-06-18 07:00:00,24.1,46.7
2025-06-18 07:15:00,24.1,46.8
2025-06-18 07:30:00,24.1,47.1
2025-06-18 07:45:00,24.1,47.4
2025-06-18 08:00:00,24.2,47.3
2025-06-18 08:15:00,24.2,47.3
2025-06-18 08:30:00,24.4,49.8
2025-06-18 08:45:00,24.5,49.6
2025-06-18 09:00:00,24.5,52.2